[


{
   "Object" : [
      {
         "coord" : {
            "x" : "-0.068162",
            "y" : "0.112373"
         },
         "curpos" : "-0.200000",
         "inst_id" : "11936015",
         "species" : "1",
         "state" : "1",
         "timestamp" : "1606298442558",
         "transform" : [
            "0.927184",
            "-0.374607",
            "0.182029",
            "0.374607",
            "0.927184",
            "-0.276576"
         ]
      }
   ],
   "action" : "73"
}
,
{
   "Object" : [
      {
         "coord" : {
            "x" : "0.037803",
            "y" : "1.092429"
         },
         "curpos" : "-0.200000",
         "inst_id" : "11923981",
         "species" : "24",
         "state" : "1",
         "timestamp" : "1606297909661",
         "transform" : [
            "0.573576",
            "0.819152",
            "0.129467",
            "-0.819152",
            "0.573576",
            "0.961347"
         ]
      }
   ],
   "action" : "73"
}
,
{
   "Object" : [
      {
         "coord" : {
            "x" : "-0.233043",
            "y" : "1.142606"
         },
         "curpos" : "-0.200000",
         "inst_id" : "11926464",
         "species" : "22",
         "state" : "1",
         "timestamp" : "1606298032307",
         "transform" : [
            "0.777146",
            "0.629320",
            "-0.286568",
            "-0.629320",
            "0.777146",
            "0.690823"
         ]
      }
   ],
   "action" : "73"
}
,
{
   "Object" : [
      {
         "coord" : {
            "x" : "1.815949",
            "y" : "0.914260"
         },
         "curpos" : "-0.200000",
         "inst_id" : "11928336",
         "species" : "29",
         "state" : "1",
         "timestamp" : "1606298109458",
         "transform" : [
            "-0.981627",
            "0.190809",
            "1.666042",
            "-0.190809",
            "-0.981627",
            "1.190422"
         ]
      }
   ],
   "action" : "73"
},
{
   "Object" : [
      {
         "coord" : {
            "x" : "0.327781",
            "y" : "1.296017"
         },
         "curpos" : "-0.200000",
         "inst_id" : "11931853",
         "species" : "29",
         "state" : "1",
         "timestamp" : "1606298269012",
         "transform" : [
            "0.438371",
            "0.898794",
            "0.099829",
            "-0.898794",
            "0.438371",
            "1.079743"
         ]
      }
   ],
   "action" : "73"
}
,
{
   "Object" : [
      {
         "coord" : {
            "x" : "1.796453",
            "y" : "0.119093"
         },
         "curpos" : "-0.200000",
         "inst_id" : "11934120",
         "species" : "14",
         "state" : "1",
         "timestamp" : "1606298354365",
         "transform" : [
            "-0.866025",
            "-0.500000",
            "1.908689",
            "0.500000",
            "-0.866025",
            "0.528568"
         ]
      }
   ],
   "action" : "73"
}


]